종목명,종목코드,h1_high_RMSE,h1_high_MAE,h1_high_MAPE(%),h1_high_Bias,h1_high_count,h1_low_RMSE,h1_low_MAE,h1_low_MAPE(%),h1_low_Bias,h1_low_count,h1_close_RMSE,h1_close_MAE,h1_close_MAPE(%),h1_close_Bias,h1_close_count,h1_close_DirAcc(%),h1_close_Dir_count,h2_high_RMSE,h2_high_MAE,h2_high_MAPE(%),h2_high_Bias,h2_high_count,h2_low_RMSE,h2_low_MAE,h2_low_MAPE(%),h2_low_Bias,h2_low_count,h2_close_RMSE,h2_close_MAE,h2_close_MAPE(%),h2_close_Bias,h2_close_count,h2_close_DirAcc(%),h2_close_Dir_count,h3_high_RMSE,h3_high_MAE,h3_high_MAPE(%),h3_high_Bias,h3_high_count,h3_low_RMSE,h3_low_MAE,h3_low_MAPE(%),h3_low_Bias,h3_low_count,h3_close_RMSE,h3_close_MAE,h3_close_MAPE(%),h3_close_Bias,h3_close_count,h3_close_DirAcc(%),h3_close_Dir_count
SK,34730,5846.59991533136,4098.166675345844,1.991269307466238,-3397.4938567294653,43,5174.003565931146,3865.1015091774057,1.916452220756003,-1638.6992868989007,43,8726.65935619037,7534.151500463486,3.7142855098529797,-6957.217223838318,43,54.761904761904766,42,7410.696675334642,5309.022772241211,2.568113682620138,-3457.751740657149,42,7367.326876837376,5424.470025300979,2.7122655916086784,-1196.0037989275788,42,7701.708247233019,6065.998810103962,3.034806716744878,2293.2191333600426,42,45.23809523809524,42,11268.822625535888,8409.991251986205,4.053469189237985,-6759.941432098063,41,8834.07474122279,6786.384507941037,3.4005357998575776,-2712.1616417314863,41,10387.260497876243,8525.862788717921,4.243776233818003,2341.2458674209865,41,46.34146341463415,41
삼성에스디에스,18260,3621.4318963509254,2693.5276244961947,1.6443297778958648,1473.134154219958,43,3473.196114917691,2321.87070319819,1.4850207705690117,1669.405223602473,43,2893.919219689296,1941.041497990146,1.2216712124599622,92.50606728154222,43,57.14285714285714,42,5809.489162038609,4218.697126280694,2.5665273406614517,1787.9350487674985,42,5653.209663752635,3751.130785828545,2.396776756656648,507.8201997847798,42,4990.652918678168,3706.898821109816,2.3340157970189632,1528.758001185599,42,38.095238095238095,42,7884.297863080963,5977.191550847962,3.6842322833204997,3418.6130262002735,41,6966.857654502281,4731.881406539823,3.01916629488596,906.7096939901033,41,6434.449677457505,4744.529671058423,2.9919859844575893,1469.9835732215788,41,43.90243902439025,41
